Order_ID,Order_Date,Delivery_Area,Distance_km,Shipment_Weight_kg,Vehicle_Type,Traffic_Level,Weather,Planned_Delivery_Time,Actual_Delivery_Time,Delivery_Status,Delivery_Cost,Customer_Rating
ORD0001,2026-09-25,Central,15.2,16.1,Van,Medium,Rain,66.2,100.0,Delayed,134.76,3.8
ORD0002,2026-09-26,East,11.2,16.1,Bike,Low,Clear,54.5,50.9,On Time,109.69,5.0
ORD0003,2026-09-27,East,13.1,9.6,Bike,Low,Cloudy,54.8,65.9,Delayed,109.48,4.5
ORD0004,2026-09-28,South,17.2,6.0,Bike,Low,Rain,70.7,88.6,Delayed,123.32,4.2
ORD0005,2026-09-29,South,14.5,14.0,Van,Medium,Clear,65.7,83.3,Delayed,139.16,4.5
ORD0006,2026-09-30,West,12.8,12.1,Bike,High,Clear,53.8,85.3,Delayed,113.2,3.7
ORD0007,2026-10-01,Central,13.0,7.0,Bike,Low,Clear,58.9,64.7,Delayed,112.04,4.4
ORD0008,2026-10-02,East,7.7,2.2,Bike,High,Clear,45.1,73.6,Delayed,74.2,3.7
ORD0009,2026-10-03,North,2.1,13.6,Bike,Low,Cloudy,27.3,37.1,Delayed,62.92,4.7
ORD0010,2026-10-04,Central,10.5,5.1,Bike,High,Clear,47.5,73.6,Delayed,89.24,3.9
ORD0011,2026-10-05,South,5.9,16.9,Bike,High,Clear,39.0,52.3,Delayed,89.81,4.5
ORD0012,2026-10-06,West,9.9,4.7,Bike,High,Clear,48.4,72.9,Delayed,97.97,4.2
ORD0013,2026-10-07,East,19.0,2.6,Bike,Medium,Clear,67.8,76.5,Delayed,125.5,4.4
ORD0014,2026-10-08,East,6.3,15.0,Bike,High,Rain,40.4,68.7,Delayed,75.45,4.1
ORD0015,2026-10-09,East,2.7,3.2,Bike,Low,Clear,23.2,35.3,Delayed,51.34,4.5
ORD0016,2026-10-10,East,7.3,3.6,Bike,Low,Clear,43.9,56.3,Delayed,75.45,4.0
ORD0017,2026-10-11,South,7.5,11.0,Bike,Low,Clear,41.4,51.5,Delayed,85.81,5.0
ORD0018,2026-10-12,Central,15.1,15.8,Van,Medium,Clear,71.6,88.2,Delayed,141.76,4.1
ORD0019,2026-10-13,West,12.9,3.9,Bike,Medium,Clear,51.9,72.1,Delayed,103.66,3.5
ORD0020,2026-10-14,South,17.6,5.9,Van,Medium,Clear,71.9,87.0,Delayed,141.85,3.9
ORD0021,2026-10-15,South,15.1,14.1,Van,High,Clear,66.9,95.1,Delayed,147.18,3.5
ORD0022,2026-10-16,North,9.8,17.5,Bike,Low,Clear,48.8,44.2,On Time,102.03,4.8
ORD0023,2026-10-17,Central,18.2,9.3,Bike,Medium,Cloudy,73.9,92.2,Delayed,127.36,4.1
ORD0024,2026-10-18,West,4.9,3.0,Bike,Low,Cloudy,34.5,40.9,Delayed,71.27,4.5
ORD0025,2026-10-19,East,2.0,0.7,Van,Low,Cloudy,20.3,21.5,On Time,64.49,5.0
ORD0026,2026-10-20,East,3.3,4.5,Van,Medium,Cloudy,21.6,40.3,Delayed,83.76,4.3
ORD0027,2026-10-21,South,16.3,2.8,Van,High,Cloudy,65.0,95.5,Delayed,135.05,3.9
ORD0028,2026-10-22,West,11.0,12.4,Bike,Medium,Clear,50.3,73.0,Delayed,104.1,4.2
ORD0029,2026-10-23,South,4.8,2.6,Bike,Low,Clear,29.4,36.8,Delayed,75.96,4.8
ORD0030,2026-10-24,South,11.8,9.4,Bike,Medium,Clear,53.9,66.0,Delayed,101.79,3.7
ORD0031,2026-10-25,South,4.6,12.6,Van,Low,Clear,28.7,35.2,Delayed,106.48,4.5
ORD0032,2026-10-26,North,15.8,10.7,Bike,High,Cloudy,61.8,90.1,Delayed,122.0,3.1
ORD0033,2026-10-27,Central,10.6,4.0,Van,Medium,Clear,49.8,63.6,Delayed,105.53,4.4
ORD0034,2026-10-28,South,9.3,14.6,Van,Low,Cloudy,47.2,49.7,On Time,118.47,4.7
ORD0035,2026-10-29,West,7.7,13.0,Bike,Low,Rain,35.6,48.7,Delayed,86.26,4.7
ORD0036,2026-10-30,Central,14.4,13.4,Bike,Low,Clear,65.9,63.4,On Time,116.46,5.0
ORD0037,2026-10-31,West,8.9,2.8,Bike,High,Rain,43.6,72.1,Delayed,87.45,3.9
ORD0038,2026-11-01,West,3.3,2.7,Van,Medium,Clear,23.8,41.9,Delayed,82.61,4.0
ORD0039,2026-11-02,North,3.9,16.7,Bike,High,Rain,29.4,67.8,Delayed,76.64,3.7
ORD0040,2026-11-03,East,21.2,7.5,Van,Medium,Clear,84.1,88.4,On Time,165.23,4.5
ORD0041,2026-11-04,Central,20.1,5.8,Bike,Medium,Clear,78.7,89.9,Delayed,141.59,4.4
ORD0042,2026-11-05,East,15.8,9.1,Van,Low,Clear,73.2,84.2,Delayed,146.55,4.8
ORD0043,2026-11-06,East,7.0,12.1,Van,High,Clear,42.1,75.5,Delayed,108.36,3.5
ORD0044,2026-11-07,North,21.4,17.2,Bike,Medium,Clear,87.2,105.4,Delayed,160.62,4.5
ORD0045,2026-11-08,Central,17.5,5.5,Van,Medium,Rain,69.2,96.4,Delayed,133.15,4.1
ORD0046,2026-11-09,West,16.2,16.7,Van,Medium,Cloudy,72.7,86.7,Delayed,147.82,4.0
ORD0047,2026-11-10,South,10.7,0.9,Van,Medium,Clear,49.3,57.8,Delayed,104.59,4.9
ORD0048,2026-11-11,West,7.1,10.2,Bike,High,Clear,44.1,70.2,Delayed,86.64,4.2
ORD0049,2026-11-12,East,3.5,11.6,Bike,Low,Clear,28.6,32.9,On Time,69.6,4.7
ORD0050,2026-11-13,East,20.0,2.4,Bike,Medium,Clear,74.7,94.4,Delayed,130.81,3.9
ORD0051,2026-11-14,East,10.8,3.0,Bike,Medium,Rain,47.2,77.8,Delayed,103.07,3.5
ORD0052,2026-11-15,Central,5.6,7.8,Bike,Medium,Clear,37.3,48.5,Delayed,76.25,4.2
ORD0053,2026-11-16,North,7.8,17.4,Bike,Low,Clear,49.9,44.4,On Time,98.97,5.0
ORD0054,2026-11-17,South,13.4,10.9,Bike,Low,Clear,58.2,58.3,On Time,112.11,4.5
ORD0055,2026-11-18,South,5.1,16.8,Bike,Low,Clear,35.7,39.0,On Time,85.28,4.8
ORD0056,2026-11-19,Central,19.1,14.6,Bike,Medium,Clear,79.1,89.9,Delayed,141.31,4.0
ORD0057,2026-11-20,South,17.0,8.7,Van,Medium,Cloudy,68.7,84.3,Delayed,146.21,4.2
ORD0058,2026-11-21,Central,16.2,14.2,Van,Medium,Cloudy,72.1,92.7,Delayed,152.49,4.2
ORD0059,2026-11-22,East,10.4,0.8,Bike,Medium,Rain,39.8,60.7,Delayed,97.8,5.0
ORD0060,2026-11-23,East,14.4,2.4,Bike,Medium,Cloudy,56.7,68.9,Delayed,109.67,3.9
ORD0061,2026-11-24,West,13.5,15.0,Van,Medium,Clear,59.2,76.0,Delayed,139.15,4.8
ORD0062,2026-11-25,East,14.8,14.4,Bike,Low,Cloudy,58.2,61.8,On Time,117.25,4.7
ORD0063,2026-11-26,North,3.2,4.6,Bike,Medium,Rain,23.5,49.0,Delayed,63.06,4.1
ORD0064,2026-11-27,West,10.0,9.8,Bike,Medium,Cloudy,46.2,63.8,Delayed,102.48,4.3
ORD0065,2026-11-28,South,2.4,11.1,Van,Low,Rain,26.0,36.2,Delayed,89.62,4.6
ORD0066,2026-11-29,North,11.6,15.7,Bike,Medium,Cloudy,59.4,72.5,Delayed,112.05,4.3
ORD0067,2026-11-30,West,8.3,11.1,Van,Medium,Rain,43.6,79.2,Delayed,114.5,4.1
ORD0068,2026-12-01,North,4.5,7.7,Van,Low,Clear,28.5,26.5,On Time,92.82,4.6
ORD0069,2026-12-02,Central,3.6,7.0,Bike,Medium,Cloudy,28.4,31.7,On Time,73.82,5.0
ORD0070,2026-12-03,South,13.5,8.0,Van,Medium,Clear,61.8,65.7,On Time,129.95,4.4
ORD0071,2026-12-04,East,5.0,11.9,Van,Medium,Clear,31.8,47.0,Delayed,95.31,4.3
ORD0072,2026-12-05,Central,20.5,15.7,Bike,Medium,Cloudy,80.0,96.2,Delayed,150.05,3.9
ORD0073,2026-12-06,South,13.4,8.4,Bike,Medium,Rain,60.2,83.5,Delayed,95.87,4.2
ORD0074,2026-12-07,Central,8.6,4.8,Bike,Medium,Rain,42.1,73.3,Delayed,88.31,4.3
ORD0075,2026-12-08,East,13.6,4.6,Bike,High,Clear,59.6,67.5,Delayed,88.94,4.5
ORD0076,2026-12-09,South,2.0,13.6,Bike,Medium,Cloudy,26.4,44.8,Delayed,59.74,4.1
ORD0077,2026-12-10,North,21.2,14.8,Van,Medium,Cloudy,86.6,115.0,Delayed,170.58,3.5
ORD0078,2026-12-11,North,11.4,2.3,Bike,Medium,Clear,47.0,52.2,Delayed,97.8,4.5
ORD0079,2026-12-12,South,17.5,1.7,Bike,Medium,Clear,68.1,77.9,Delayed,114.56,3.9
ORD0080,2026-12-13,East,3.2,10.9,Van,Medium,Clear,28.3,38.8,Delayed,84.87,4.1
ORD0081,2026-12-14,West,11.5,3.1,Bike,Medium,Cloudy,47.1,57.7,Delayed,103.56,4.5
ORD0082,2026-12-15,South,11.6,14.9,Van,High,Clear,51.1,76.1,Delayed,125.69,4.4
ORD0083,2026-12-16,Central,20.7,5.9,Van,High,Rain,81.5,129.1,Delayed,167.64,4.2
ORD0084,2026-12-17,West,13.2,3.0,Bike,Medium,Clear,54.7,77.8,Delayed,103.73,3.8
ORD0085,2026-12-18,East,11.2,16.6,Bike,Medium,Rain,52.2,74.2,Delayed,112.34,4.6
ORD0086,2026-12-19,East,7.0,3.4,Van,High,Clear,37.1,75.5,Delayed,104.22,3.6
ORD0087,2026-12-20,Central,8.3,5.5,Van,Medium,Cloudy,45.5,64.7,Delayed,104.57,4.1
ORD0088,2026-12-21,North,12.2,3.2,Van,High,Clear,46.0,83.6,Delayed,112.75,3.7
ORD0089,2026-12-22,East,10.5,2.5,Bike,Medium,Clear,43.0,54.5,Delayed,91.3,4.4
ORD0090,2026-12-23,West,1.9,0.9,Van,Low,Cloudy,18.3,28.1,Delayed,71.79,4.5
ORD0091,2026-12-24,South,18.4,1.5,Bike,Low,Rain,75.2,91.4,Delayed,117.11,4.1
ORD0092,2026-12-25,West,19.9,3.6,Bike,High,Cloudy,77.0,124.1,Delayed,131.26,2.7
ORD0093,2026-12-26,West,4.4,1.4,Bike,Low,Clear,31.1,38.2,Delayed,61.31,4.0
ORD0094,2026-12-27,North,12.9,10.8,Van,Low,Clear,54.6,55.4,On Time,133.68,5.0
ORD0095,2026-12-28,West,3.7,12.4,Bike,Medium,Clear,27.7,45.5,Delayed,74.35,4.1
ORD0096,2026-12-29,North,15.3,7.4,Bike,Low,Clear,65.2,65.0,On Time,115.99,4.6
ORD0097,2026-12-30,North,7.3,6.1,Van,Medium,Cloudy,39.5,55.6,Delayed,99.84,4.3
ORD0098,2026-12-31,East,15.0,9.3,Bike,Medium,Cloudy,65.4,86.8,Delayed,119.35,4.4
ORD0099,2027-01-01,East,16.4,15.8,Bike,Low,Cloudy,70.0,76.1,Delayed,134.34,4.7
ORD0100,2027-01-02,Central,17.3,15.4,Bike,High,Rain,73.9,111.6,Delayed,129.6,3.3
ORD0101,2027-01-03,West,3.7,1.3,Bike,High,Cloudy,27.1,55.2,Delayed,56.76,4.3
ORD0102,2027-01-04,Central,20.3,3.7,Van,Medium,Cloudy,79.7,100.7,Delayed,157.85,4.7
ORD0103,2027-01-05,West,6.2,4.6,Van,Low,Clear,37.9,45.4,Delayed,92.04,4.7
ORD0104,2027-01-06,Central,2.3,4.9,Bike,Medium,Clear,19.0,19.4,On Time,52.97,5.0
ORD0105,2027-01-07,East,12.9,10.5,Van,Low,Cloudy,51.2,64.2,Delayed,130.95,4.8
ORD0106,2027-01-08,East,9.1,7.8,Van,Medium,Rain,48.4,69.5,Delayed,112.12,4.5
ORD0107,2027-01-09,East,18.5,1.4,Bike,High,Clear,74.6,90.0,Delayed,116.59,4.5
ORD0108,2027-01-10,East,18.1,7.0,Van,High,Clear,69.0,95.7,Delayed,147.87,4.1
ORD0109,2027-01-11,South,8.0,9.7,Bike,High,Cloudy,37.3,65.8,Delayed,92.95,4.0
ORD0110,2027-01-12,East,21.0,2.3,Van,Medium,Clear,79.2,90.1,Delayed,155.6,4.1
ORD0111,2027-01-13,North,7.5,15.1,Van,Medium,Clear,46.3,66.3,Delayed,114.27,4.4
ORD0112,2027-01-14,East,12.1,1.4,Van,Medium,Rain,57.3,76.2,Delayed,108.34,3.7
ORD0113,2027-01-15,South,6.7,16.7,Bike,Medium,Cloudy,43.3,56.9,Delayed,93.17,4.1
ORD0114,2027-01-16,South,20.7,2.2,Van,Medium,Clear,76.9,88.4,Delayed,150.85,4.9
ORD0115,2027-01-17,South,4.9,15.3,Bike,Low,Rain,33.1,46.9,Delayed,80.0,4.6
ORD0116,2027-01-18,South,2.4,16.3,Bike,Low,Clear,28.8,32.4,On Time,77.36,5.0
ORD0117,2027-01-19,Central,10.4,17.6,Bike,Medium,Rain,52.3,70.3,Delayed,115.44,4.1
ORD0118,2027-01-20,Central,21.8,14.5,Van,Low,Clear,83.2,92.5,Delayed,179.48,4.1
ORD0119,2027-01-21,North,19.8,14.1,Bike,Low,Clear,86.2,88.6,On Time,150.24,4.6
ORD0120,2027-01-22,Central,16.8,11.7,Van,High,Clear,75.4,91.1,Delayed,145.88,4.3
